code,system
45552937,ICD10CM
45586725,ICD10CM
45552937,ICD10CM
45586725,ICD10CM
45552937,ICD10CM
45586725,ICD10CM
45552937,ICD10CM
45586725,ICD10CM
45557657,ICD10CM
45562493,ICD10CM
45591594,ICD10CM
45557657,ICD10CM
45562493,ICD10CM
45591594,ICD10CM
44822029,ICD10CM
44822029,ICD10CM
46269848,ICD10CM
77317,ICD10CM
77317,ICD10CM
46269848,ICD10CM
45557657,ICD10CM
45562493,ICD10CM
45591594,ICD10CM
45557657,ICD10CM
45562493,ICD10CM
45591594,ICD10CM
44822029,ICD10CM
44822029,ICD10CM
46269848,ICD10CM
77317,ICD10CM
77317,ICD10CM
46269848,ICD10CM
45567310,ICD10CM
45572214,ICD10CM
45567310,ICD10CM
45572214,ICD10CM
44833647,ICD10CM
44833647,ICD10CM
45567310,ICD10CM
45572214,ICD10CM
45567310,ICD10CM
45572214,ICD10CM
44833647,ICD10CM
44833647,ICD10CM
45567315,ICD10CM
45581904,ICD10CM
45567315,ICD10CM
45581904,ICD10CM
45567315,ICD10CM
45581904,ICD10CM
45567315,ICD10CM
45581904,ICD10CM
45576989,ICD10CM
45576989,ICD10CM
45576989,ICD10CM
45576989,ICD10CM
45586718,ICD10CM
45586718,ICD10CM
44837173,ICD10CM
44837173,ICD10CM
40481367,ICD10CM
40482865,ICD10CM
40481367,ICD10CM
40482865,ICD10CM
45586718,ICD10CM
45586718,ICD10CM
44837173,ICD10CM
44837173,ICD10CM
40481367,ICD10CM
40482865,ICD10CM
40481367,ICD10CM
40482865,ICD10CM
45586721,ICD10CM
45586721,ICD10CM
44830158,ICD10CM
44830158,ICD10CM
45586721,ICD10CM
45586721,ICD10CM
44830158,ICD10CM
44830158,ICD10CM
45591596,ICD10CM
45596335,ICD10CM
45596335,ICD10CM
45591596,ICD10CM
45591596,ICD10CM
45596335,ICD10CM
45596335,ICD10CM
45591596,ICD10CM
45596328,ICD10CM
45596328,ICD10CM
45596328,ICD10CM
45596328,ICD10CM
44819799,ICD10CM
44819799,ICD10CM
44819799,ICD10CM
44819799,ICD10CM
44829046,ICD10CM
44829046,ICD10CM
81893,ICD10CM
81893,ICD10CM
44829046,ICD10CM
44829046,ICD10CM
81893,ICD10CM
81893,ICD10CM
44830157,ICD10CM
44830157,ICD10CM
44830157,ICD10CM
44830157,ICD10CM
44831313,ICD10CM
44831313,ICD10CM
44831313,ICD10CM
44831313,ICD10CM
4029372,ICD10CM
4029372,ICD10CM
4029372,ICD10CM
4029372,ICD10CM
4031048,ICD10CM
4031048,ICD10CM
4031048,ICD10CM
4031048,ICD10CM
40479837,ICD10CM
40482241,ICD10CM
4301738,ICD10CM
78799,ICD10CM
78799,ICD10CM
4301738,ICD10CM
40482241,ICD10CM
40479837,ICD10CM
40479837,ICD10CM
40482241,ICD10CM
4301738,ICD10CM
78799,ICD10CM
78799,ICD10CM
4301738,ICD10CM
40482241,ICD10CM
40479837,ICD10CM
40479839,ICD10CM
40479839,ICD10CM
40479839,ICD10CM
40479839,ICD10CM
4187900,ICD10CM
4187900,ICD10CM
4187900,ICD10CM
4187900,ICD10CM
4259504,ICD10CM
4259504,ICD10CM
4259504,ICD10CM
4259504,ICD10CM
4302002,ICD10CM
4302002,ICD10CM
4302002,ICD10CM
4302002,ICD10CM
44783784,ICD10CM
44783784,ICD10CM
44783784,ICD10CM
44783784,ICD10CM
46269838,ICD10CM
46269951,ICD10CM
46269838,ICD10CM
46269951,ICD10CM
46269838,ICD10CM
46269951,ICD10CM
46269838,ICD10CM
46269951,ICD10CM